Workbook

Sheet Executive Summary
A1: Enterprise Supply Chain Executive Dashboard
A2: Excel Financial & Operational Control Layer
A4: TOTAL INVENTORY VALUE | D4: CRITICAL RISK COUNT | G4: RECONCILIATION AUDIT
A5: ='Excel Reconciliation'!C5 | D5: ='Excel Reconciliation'!C8 | G5: =IF(COUNTIF('Excel Reconciliation'!E5:E9,"MATCHED - 100% ")=5,"100% PASSED","AUDIT ALERT")
A8: Category Stock Valuation Breakdown
A9: Category | B9: Stock Level | C9: Total Inventory Value | D9: Avg Lead Time
A10: Electronics | B10: =SUMIF('Supply Chain Data'!$B$2:$B$31, A10, 'Supply Chain Data'!$E$2:$E$31) | C10: =SUMIF('Supply Chain Data'!$B$2:$B$31, A10, 'Supply Chain Data'!$I$2:$I$31) | D10: =AVERAGEIF('Supply Chain Data'!$B$2:$B$31, A10, 'Supply Chain Data'!$F$2:$F$31)
A11: Industrial | B11: =SUMIF('Supply Chain Data'!$B$2:$B$31, A11, 'Supply Chain Data'!$E$2:$E$31) | C11: =SUMIF('Supply Chain Data'!$B$2:$B$31, A11, 'Supply Chain Data'!$I$2:$I$31) | D11: =AVERAGEIF('Supply Chain Data'!$B$2:$B$31, A11, 'Supply Chain Data'!$F$2:$F$31)
A12: Components | B12: =SUMIF('Supply Chain Data'!$B$2:$B$31, A12, 'Supply Chain Data'!$E$2:$E$31) | C12: =SUMIF('Supply Chain Data'!$B$2:$B$31, A12, 'Supply Chain Data'!$I$2:$I$31) | D12: =AVERAGEIF('Supply Chain Data'!$B$2:$B$31, A12, 'Supply Chain Data'!$F$2:$F$31)
A13: Hardware | B13: =SUMIF('Supply Chain Data'!$B$2:$B$31, A13, 'Supply Chain Data'!$E$2:$E$31) | C13: =SUMIF('Supply Chain Data'!$B$2:$B$31, A13, 'Supply Chain Data'!$I$2:$I$31) | D13: =AVERAGEIF('Supply Chain Data'!$B$2:$B$31, A13, 'Supply Chain Data'!$F$2:$F$31)
A14: Automotive | B14: =SUMIF('Supply Chain Data'!$B$2:$B$31, A14, 'Supply Chain Data'!$E$2:$E$31) | C14: =SUMIF('Supply Chain Data'!$B$2:$B$31, A14, 'Supply Chain Data'!$I$2:$I$31) | D14: =AVERAGEIF('Supply Chain Data'!$B$2:$B$31, A14, 'Supply Chain Data'!$F$2:$F$31)
A17: Single SKU Audit Tool (XLOOKUP & LET Verification)
A18: Select SKU | B18: Category | C18: Region | D18: Unit Price | E18: Stock Level | F18: Risk Status (LET Logic)
A19: SKU-1002 | B19: =XLOOKUP(A19, 'Supply Chain Data'!A2:A31, 'Supply Chain Data'!B2:B31, "Not Found") | C19: =XLOOKUP(A19, 'Supply Chain Data'!A2:A31, 'Supply Chain Data'!C2:C31, "Not Found") | D19: =XLOOKUP(A19, 'Supply Chain Data'!A2:A31, 'Supply Chain Data'!D2:D31, 0) | E19: =XLOOKUP(A19, 'Supply Chain Data'!A2:A31, 'Supply Chain Data'!E2:E31, 0) | F19: =LET(stock, E19, lead, XLOOKUP(A19, 'Supply Chain Data'!A2:A31, 'Supply Chain Data'!F2:F31, 0), rop, (lead*15)+(lead*5), IF(stock<=rop*0.5, "CRITICAL", IF(stock<=rop, "WARNING", "HEALTHY")))

Sheet Supply Chain Data
A1: Product_ID | B1: Category | C1: Region | D1: Unit_Price_USD | E1: Current_Stock_Level | F1: Lead_Time_Days | G1: Historical_Demand_Units | H1: Predicted_30Day_Demand | I1: Total Inventory Value | J1: Reorder Point | K1: Stockout Risk Flag
A2: SKU-1001 | B2: Electronics | C2: North | D2: 850 | E2: 940 | F2: 6 | G2: 142 | H2: 172 | I2: =E2*D2 | J2: =(F2*15)+(F2*5) | K2: =IF(E2<=J2*0.5,"CRITICAL",IF(E2<=J2,"WARNING","HEALTHY"))
A3: SKU-1002 | B3: Industrial | C3: East | D3: 320 | E3: 151 | F3: 13 | G3: 54 | H3: 65 | I3: =E3*D3 | J3: =(F3*15)+(F3*5) | K3: =IF(E3<=J3*0.5,"CRITICAL",IF(E3<=J3,"WARNING","HEALTHY"))
A4: SKU-1003 | B4: Components | C4: South | D4: 45 | E4: 201 | F4: 9 | G4: 60 | H4: 72 | I4: =E4*D4 | J4: =(F4*15)+(F4*5) | K4: =IF(E4<=J4*0.5,"CRITICAL",IF(E4<=J4,"WARNING","HEALTHY"))
A5: SKU-1004 | B5: Hardware | C5: West | D5: 400 | E5: 167 | F5: 13 | G5: 114 | H5: 138 | I5: =E5*D5 | J5: =(F5*15)+(F5*5) | K5: =IF(E5<=J5*0.5,"CRITICAL",IF(E5<=J5,"WARNING","HEALTHY"))
A6: SKU-1005 | B6: Automotive | C6: North | D6: 1200 | E6: 951 | F6: 6 | G6: 156 | H6: 189 | I6: =E6*D6 | J6: =(F6*15)+(F6*5) | K6: =IF(E6<=J6*0.5,"CRITICAL",IF(E6<=J6,"WARNING","HEALTHY"))
A7: SKU-1006 | B7: Electronics | C7: East | D7: 650 | E7: 741 | F7: 5 | G7: 191 | H7: 232 | I7: =E7*D7 | J7: =(F7*15)+(F7*5) | K7: =IF(E7<=J7*0.5,"CRITICAL",IF(E7<=J7,"WARNING","HEALTHY"))
A8: SKU-1007 | B8: Industrial | C8: South | D8: 95 | E8: 423 | F8: 4 | G8: 92 | H8: 111 | I8: =E8*D8 | J8: =(F8*15)+(F8*5) | K8: =IF(E8<=J8*0.5,"CRITICAL",IF(E8<=J8,"WARNING","HEALTHY"))
A9: SKU-1008 | B9: Components | C9: West | D9: 210 | E9: 465 | F9: 8 | G9: 197 | H9: 239 | I9: =E9*D9 | J9: =(F9*15)+(F9*5) | K9: =IF(E9<=J9*0.5,"CRITICAL",IF(E9<=J9,"WARNING","HEALTHY"))
A10: SKU-1009 | B10: Hardware | C10: North | D10: 550 | E10: 539 | F10: 3 | G10: 60 | H10: 72 | I10: =E10*D10 | J10: =(F10*15)+(F10*5) | K10: =IF(E10<=J10*0.5,"CRITICAL",IF(E10<=J10,"WARNING","HEALTHY"))
A11: SKU-1010 | B11: Automotive | C11: East | D11: 780 | E11: 332 | F11: 8 | G11: 97 | H11: 117 | I11: =E11*D11 | J11: =(F11*15)+(F11*5) | K11: =IF(E11<=J11*0.5,"CRITICAL",IF(E11<=J11,"WARNING","HEALTHY"))
A12: SKU-1011 | B12: Electronics | C12: South | D12: 850 | E12: 940 | F12: 6 | G12: 142 | H12: 172 | I12: =E12*D12 | J12: =(F12*15)+(F12*5) | K12: =IF(E12<=J12*0.5,"CRITICAL",IF(E12<=J12,"WARNING","HEALTHY"))
A13: SKU-1012 | B13: Industrial | C13: West | D13: 320 | E13: 151 | F13: 13 | G13: 54 | H13: 65 | I13: =E13*D13 | J13: =(F13*15)+(F13*5) | K13: =IF(E13<=J13*0.5,"CRITICAL",IF(E13<=J13,"WARNING","HEALTHY"))
... A31: SKU-1030 | B31: Automotive | C31: East | D31: 780 | E31: 332 | F31: 8 | G31: 97 | H31: 117 | I31: =E31*D31 | J31: =(F31*15)+(F31*5) | K31: =IF(E31<=J31*0.5,"CRITICAL",IF(E31<=J31,"WARNING","HEALTHY"))

Sheet Excel Reconciliation
A1: Supply Chain Model Reconciliation & Audit Matrix
A2: Automated Excel verification against Power BI DAX calculation engine
A4: Metric Name | B4: Power BI DAX Target | C4: Excel Calculated Value | D4: Variance / Discrepancy | E4: Audit Status | F4: Formula Verification Used
A5: Total Inventory Valuation ($) | B5: 10563450 | C5: =SUM('Supply Chain Data'!I2:I31) | D5: =C5-B5 | E5: =IF(ABS(D5)<0.01,"MATCHED - 100%","DISCREPANCY") | F5: =LET(prices, 'Supply Chain Data'!D2:D31, stock, 'Supply Chain Data'!E2:E31, SUM(prices * stock))
A6: Total Stocked Quantity (Units) | B6: 15300 | C6: =SUM('Supply Chain Data'!E2:E31) | D6: =C6-B6 | E6: =IF(ABS(D6)<0.01,"MATCHED - 100%","DISCREPANCY") | F6: =LET(stock, 'Supply Chain Data'!E2:E31, SUM(stock))
A7: Average Lead Time (Days) | B7: 6.33 | C7: =AVERAGE('Supply Chain Data'!F2:F31) | D7: =C7-B7 | E7: =IF(ABS(D7)<0.05,"MATCHED - 100%","DISCREPANCY") | F7: =LET(lead_time, 'Supply Chain Data'!F2:F31, AVERAGE(lead_time))
A8: Critical Risk Items Count | B8: 2 | C8: =COUNTIF('Supply Chain Data'!K2:K31, "CRITICAL") | D8: =C8-B8 | E8: =IF(D8=0,"MATCHED - 100%","DISCREPANCY") | F8: =LET(status_col, 'Supply Chain Data'!K2:K31, COUNTIF(status_col, "CRITICAL"))
A9: Total 30-Day Demand (Units) | B9: 4137 | C9: =SUM('Supply Chain Data'!H2:H31) | D9: =C9-B9 | E9: =IF(ABS(D9)<0.01,"MATCHED - 100%","DISCREPANCY") | F9: =LET(demand, 'Supply Chain Data'!H2:H31, SUM(demand))
